No Communication,Do not send email to nominated CIAP Advisor
No Communication,No Contact with Advisor
No Communication,Sending emails to advisor is not recommended
No Communication,"For all inquires regarding the account, no need to contact advisor"
Use pool Balance,Use pool balance for grants
Additional Comunication,In addition to email please call
Additional Comunication,All communication for account shoul dbe handled through PDG
Additional Comunication,CC advisor team
Additional Comunication,include advisor
Use pool Balance,Pool balance falls send more money
No Cash Available,
Indefinite Premium Operations,Do not send raise cash check for amended instructions
Indefinite Premium Operations,Fee amount should be journaled from MMP to managed account
Indefinite Premium Operations,Do not include CIAP nominated advisor
Phone Inquiries,use phone number when corresponding
Review Premium Services,Check pool balance and grant rec form to see if we can pull
Review Advisor Services,When corresponding with Pathstone
Review Advisor Services,Request comes through to additional account holders
Review Premium Services,Advisors had already registered
Additional Comunication,"Advisors had already registered, reach out to"
